{
  "vertices": [
    [
      -0.4744281734622592,
      -0.4744281734622594,
      -1.0
    ],
    [
      0.4744281734622592,
      -0.4744281734622594,
      -1.0
    ],
    [
      -1.0,
      -0.4744281734622594,
      -0.4744281734622592
    ],
    [
      -1.0,
      -0.4744281734622594,
      0.4744281734622592
    ],
    [
      -0.4744281734622594,
      -1.0,
      -0.4744281734622592
    ],
    [
      1.0,
      -0.4744281734622594,
      -0.4744281734622592
    ],
    [
      1.0,
      -0.4744281734622594,
      0.4744281734622592
    ],
    [
      0.4744281734622594,
      -1.0,
      -0.4744281734622592
    ],
    [
      -0.4744281734622592,
      -0.4744281734622594,
      1.0
    ],
    [
      0.4744281734622592,
      -0.4744281734622594,
      1.0
    ],
    [
      -0.4744281734622592,
      -1.0,
      0.4744281734622594
    ],
    [
      0.4744281734622592,
      -1.0,
      0.4744281734622594
    ],
    [
      -0.47442817346225924,
      0.47442817346225924,
      -1.0
    ],
    [
      -1.0,
      0.47442817346225924,
      -0.47442817346225924
    ],
    [
      -0.47442817346225924,
      1.0,
      -0.47442817346225924
    ],
    [
      0.47442817346225924,
      0.47442817346225924,
      -1.0
    ],
    [
      1.0,
      0.47442817346225924,
      -0.47442817346225924
    ],
    [
      0.47442817346225924,
      1.0,
      -0.47442817346225924
    ],
    [
      -1.0,
      0.47442817346225924,
      0.47442817346225924
    ],
    [
      -0.47442817346225924,
      0.47442817346225924,
      1.0
    ],
    [
      -0.47442817346225924,
      1.0,
      0.47442817346225924
    ],
    [
      1.0,
      0.47442817346225924,
      0.47442817346225924
    ],
    [
      0.47442817346225924,
      0.47442817346225924,
      1.0
    ],
    [
      0.47442817346225924,
      1.0,
      0.47442817346225924
    ]
  ],
  "faces": [
    {
      "label": [
        1,
        0,
        0
      ],
      "family": "100",
      "normal": [
        1.0,
        0.0,
        0.0
      ],
      "centroid": [
        1.0,
        -8.326672684688674e-17,
        0.0
      ],
      "triangles": [
        [
          6,
          16,
          5
        ],
        [
          6,
          16,
          21
        ]
      ]
    },
    {
      "label": [
        0,
        1,
        0
      ],
      "family": "100",
      "normal": [
        0.0,
        1.0,
        0.0
      ],
      "centroid": [
        0.0,
        1.0,
        0.0
      ],
      "triangles": [
        [
          23,
          20,
          14
        ],
        [
          23,
          17,
          14
        ]
      ]
    },
    {
      "label": [
        0,
        0,
        1
      ],
      "family": "100",
      "normal": [
        0.0,
        0.0,
        1.0
      ],
      "centroid": [
        0.0,
        -8.326672684688674e-17,
        1.0
      ],
      "triangles": [
        [
          19,
          22,
          9
        ],
        [
          19,
          9,
          8
        ]
      ]
    },
    {
      "label": [
        -1,
        0,
        0
      ],
      "family": "100",
      "normal": [
        -1.0,
        0.0,
        0.0
      ],
      "centroid": [
        -1.0,
        -8.326672684688674e-17,
        0.0
      ],
      "triangles": [
        [
          13,
          3,
          2
        ],
        [
          13,
          3,
          18
        ]
      ]
    },
    {
      "label": [
        0,
        -1,
        0
      ],
      "family": "100",
      "normal": [
        0.0,
        -1.0,
        0.0
      ],
      "centroid": [
        0.0,
        -1.0,
        1.1102230246251565e-16
      ],
      "triangles": [
        [
          11,
          10,
          4
        ],
        [
          11,
          7,
          4
        ]
      ]
    },
    {
      "label": [
        0,
        0,
        -1
      ],
      "family": "100",
      "normal": [
        0.0,
        0.0,
        -1.0
      ],
      "centroid": [
        0.0,
        -8.326672684688674e-17,
        -1.0
      ],
      "triangles": [
        [
          12,
          1,
          15
        ],
        [
          12,
          1,
          0
        ]
      ]
    },
    {
      "label": [
        1.0,
        1.0,
        0.0
      ],
      "family": "110",
      "normal": [
        0.7071067811865475,
        0.7071067811865475,
        0.0
      ],
      "centroid": [
        0.7372140867311296,
        0.7372140867311296,
        0.0
      ],
      "triangles": [
        [
          23,
          16,
          21
        ],
        [
          23,
          16,
          17
        ]
      ]
    },
    {
      "label": [
        1.0,
        -1.0,
        0.0
      ],
      "family": "110",
      "normal": [
        0.7071067811865475,
        -0.7071067811865475,
        0.0
      ],
      "centroid": [
        0.7372140867311296,
        -0.7372140867311296,
        5.551115123125783e-17
      ],
      "triangles": [
        [
          11,
          6,
          5
        ],
        [
          11,
          7,
          5
        ]
      ]
    },
    {
      "label": [
        -1.0,
        1.0,
        0.0
      ],
      "family": "110",
      "normal": [
        -0.7071067811865475,
        0.7071067811865475,
        0.0
      ],
      "centroid": [
        -0.7372140867311296,
        0.7372140867311296,
        0.0
      ],
      "triangles": [
        [
          20,
          13,
          18
        ],
        [
          20,
          13,
          14
        ]
      ]
    },
    {
      "label": [
        -1.0,
        -1.0,
        0.0
      ],
      "family": "110",
      "normal": [
        -0.7071067811865475,
        -0.7071067811865475,
        0.0
      ],
      "centroid": [
        -0.7372140867311296,
        -0.7372140867311296,
        5.551115123125783e-17
      ],
      "triangles": [
        [
          10,
          3,
          2
        ],
        [
          10,
          4,
          2
        ]
      ]
    },
    {
      "label": [
        1.0,
        0.0,
        1.0
      ],
      "family": "110",
      "normal": [
        0.7071067811865475,
        0.0,
        0.7071067811865475
      ],
      "centroid": [
        0.7372140867311296,
        -8.326672684688674e-17,
        0.7372140867311296
      ],
      "triangles": [
        [
          22,
          6,
          9
        ],
        [
          22,
          6,
          21
        ]
      ]
    },
    {
      "label": [
        1.0,
        0.0,
        -1.0
      ],
      "family": "110",
      "normal": [
        0.7071067811865475,
        0.0,
        -0.7071067811865475
      ],
      "centroid": [
        0.7372140867311296,
        -8.326672684688674e-17,
        -0.7372140867311296
      ],
      "triangles": [
        [
          1,
          16,
          5
        ],
        [
          1,
          15,
          16
        ]
      ]
    },
    {
      "label": [
        -1.0,
        0.0,
        1.0
      ],
      "family": "110",
      "normal": [
        -0.7071067811865475,
        0.0,
        0.7071067811865475
      ],
      "centroid": [
        -0.7372140867311296,
        -8.326672684688674e-17,
        0.7372140867311296
      ],
      "triangles": [
        [
          19,
          3,
          18
        ],
        [
          19,
          3,
          8
        ]
      ]
    },
    {
      "label": [
        -1.0,
        0.0,
        -1.0
      ],
      "family": "110",
      "normal": [
        -0.7071067811865475,
        0.0,
        -0.7071067811865475
      ],
      "centroid": [
        -0.7372140867311296,
        -8.326672684688674e-17,
        -0.7372140867311296
      ],
      "triangles": [
        [
          12,
          13,
          2
        ],
        [
          12,
          0,
          2
        ]
      ]
    },
    {
      "label": [
        0.0,
        1.0,
        1.0
      ],